,0,1
0,projections,160
1,rate,149
2,participants,144
3,federal,123
4,2,113
5,inflation,112
6,economic,100
7,percent,99
8,growth,80
9,market,79
10,would,75
11,20,72
12,,72
13,funds,71
14,policy,69
15,4,68
16,8,68
17,committee,66
18,2019,62
19,3,62
20,uncertainty,60
21,range,60
22,1,57
23,risks,55
24,monetary,54
25,18,54
26,appropriate,51
27,year,51
28,december,51
29,level,50
30,real,48
31,unemployment,48
32,6,46
33,march,45
34,remained,42
35,securities,41
36,gdp,40
37,board,39
38,balance,39
39,longerrun,39
40,recent,39
41,2021,39
42,meeting,37
43,conditions,37
44,quarter,37
45,open,36
46,reserves,36
47,average,36
48,number,36
49,median,36
50,confidence,36
51,lower,35
52,12,35
53,target,34
54,pce,34
55,16,34
56,governors,32
57,reserve,32
58,run,32
59,january,31
60,consistent,31
61,labor,31
62,10,31
63,participants,31
64,continued,30
65,longer,30
66,price,30
67,2020,30
68,assessments,30
69,expected,29
70,around,29
71,14,29
72,forecast,29
73,interval,28
74,current,27
75,rates,27
76,21,27
77,outlook,27
78,could,26
79,also,26
80,likely,26
81,period,26
82,treasury,25
83,noted,25
84,projected,25
85,february,25
86,projection,25
87,end,24
88,agency,24
89,months,24
90,consumer,24
91,activity,24
92,22,24
93,table,24
94,19,23
95,financial,23
96,fomc,23
97,low,23
98,strong,23
99,prices,23
100,sheet,22
101,committees,22
102,little,22
103,measures,22
104,staff,21
105,fourth,21
106,historical,21
107,years,21
108,errors,21
109,division,20
110,information,20
111,pace,20
112,generally,20
113,interest,20
114,business,20
115,may,19
116,forecasts,19
117,2018,19
118,path,19
119,0,19
120,members,18
121,holdings,18
122,previous,18
123,slightly,18
124,outcomes,18
125,levels,18
126,including,18
127,past,18
128,spending,18
129,broadly,18
130,symmetric,18
131,figure,18
132,24,18
133,1920,17
134,page,17
135,reserves,17
136,future,17
137,based,17
138,near,17
139,weighted,17
140,first,16
141,somewhat,16
142,change,16
143,data,16
144,5,16
145,energy,16
146,17,16
147,core,16
148,shown,16
149,variables,16
150,values,16
151,operations,15
152,developments,15
153,new,15
154,however,15
155,higher,15
156,actual,15
157,downside,15
158,pressures,15
159,note,15
160,provide,14
161,view,14
162,declined,14
163,solid,14
164,upside,14
165,sep,14
166,basis,14
167,31,14
168,communications,13
169,mbs,13
170,decline,13
171,time,13
172,point,13
173,2019page,13
174,well,13
175,economy,13
176,intermeeting,13
177,index,13
178,net,13
179,foreign,13
180,indicated,13
181,government,13
182,expectations,13
183,changed,13
184,total,13
185,employment,13
186,overall,13
187,factors,13
188,similar,13
189,banks,12
190,respectively,12
191,bank,12
192,discussion,12
193,debt,12
194,maintain,12
195,judged,12
196,regarding,12
197,observed,12
198,trade,12
199,assessment,12
200,pointed,12
201,investment,12
202,indicators,12
203,balanced,12
204,individual,12
205,summary,12
206,23,12
207,figures,12
208,minutes,11
209,deputy,11
210,markets,11
211,might,11
212,demand,11
213,potential,11
214,several,11
215,15,11
216,still,11
217,various,11
218,domestic,11
219,readings,11
220,gains,11
221,accommodative,11
222,43,11
223,36,11
224,41,11
225,35,11
226,system,10
227,affairs,10
228,senior,10
229,principal,10
230,across,10
231,runoff,10
232,continue,10
233,trend,10
234,risk,10
235,volatility,10
236,approach,10
237,part,10
238,increases,10
239,adjustments,10
240,relative,10
241,38,10
242,household,10
243,cited,10
244,2017,10
245,variable,10
246,objective,10
247,25,10
248,definitions,10
249,panels,10
250,4a,10
251,4c,10
252,fan,10
253,secretary,9
254,manager,9
255,account,9
256,director,9
257,size,9
258,redemptions,9
259,term,9
260,two,9
261,payments,9
262,billion,9
263,implementation,9
264,additional,9
265,agreed,9
266,operating,9
267,equity,9
268,largely,9
269,central,9
270,downward,9
271,china,9
272,issuance,9
273,slowed,9
274,percentage,9
275,increased,9
276,sentiment,9
277,reflecting,9
278,effects,9
279,us,9
280,estimates,9
281,medians,9
282,26,9
283,distribution,9
284,70,9
285,september,8
286,support,8
287,liabilities,8
288,soma,8
289,effective,8
290,regime,8
291,purchases,8
292,declines,8
293,following,8
294,shortterm,8
295,earlier,8
296,global,8
297,credit,8
298,last,8
299,since,8
300,available,8
301,although,8
302,food,8
303,job,8
304,34,8
305,sector,8
306,nominal,8
307,private,8
308,muted,8
309,revised,8
310,couple,8
311,surrounding,8
312,judge,8
313,participant,8
314,37,8
315,39,8
316,midpoint,8
317,201921,8
318,2014,8
319,2015,8
320,2016,8
321,33,8
322,held,7
323,presidents,7
324,york,7
325,normalization,7
326,ending,7
327,plan,7
328,received,7
329,portfolio,7
330,primarily,7
331,roughly,7
332,slowing,7
333,many,7
334,underlying,7
335,necessary,7
336,30,7
337,maximum,7
338,sales,7
339,spreads,7
340,dollar,7
341,desk,7
342,minimum,7
343,one,7
344,increase,7
345,viewed,7
346,gross,7
347,rose,7
348,compensation,7
349,29,7
350,modestly,7
351,bit,7
352,shifted,7
353,seen,7
354,assumed,7
355,longerterm,7
356,participants,7
357,9,7
358,made,7
359,45,7
360,distributions,7
361,intervals,7
362,chart,7
363,width,7
364,chair,6
365,w,6
366,david,6
367,assistant,6
368,economist,6
369,office,6
370,stability,6
371,reducing,6
372,changes,6
373,plans,6
374,remain,6
375,differ,6
376,mortgagebacked,6
377,month,6
378,efficient,6
379,result,6
380,suggested,6
381,statement,6
382,light,6
383,intends,6
384,provided,6
385,revisions,6
386,associated,6
387,expenditures,6
388,payroll,6
389,output,6
390,addition,6
391,slower,6
392,weakness,6
393,corporate,6
394,lowest,6
395,see,6
396,less,6
397,three,6
398,fixed,6
399,judgments,6
400,13,6
401,46,6
402,28,6
403,ranges,6
404,explanations,6
405,notes,6
406,top,6
407,broadly,6
408,h,5
409,vice,5
410,l,5
411,michael,5
412,e,5
413,associate,5
414,research,5
415,statistics,5
416,international,5
417,described,5
418,reduction,5
419,transition,5
420,possible,5
421,composition,5
422,sectors,5
423,per,5
424,reached,5
425,nonreserve,5
426,discussed,5
427,views,5
428,meetings,5
429,commented,5
430,balances,5
431,supply,5
432,moving,5
433,stance,5
434,tools,5
435,slow,5
436,limited,5
437,united,5
438,states,5
439,moved,5
440,patient,5
441,assessing,5
442,need,5
443,fiscal,5
444,ongoing,5
445,early,5
446,assess,5
447,horizon,5
448,decisions,5
449,product,5
450,measured,5
451,items,5
452,surveybased,5
453,expansion,5
454,earnings,5
455,estimate,5
456,mortgage,5
457,offset,5
458,narrowed,5
459,november,5
460,estimated,5
461,blue,5
462,reflected,5
463,financing,5
464,expect,5
465,yields,5
466,yield,5
467,major,5
468,greater,5
469,commercial,5
470,show,5
471,signs,5
472,pressure,5
473,next,5
474,substantial,5
475,conjunction,5
476,shocks,5
477,sustained,5
478,softness,5
479,uncertainties,5
480,majority,5
481,27,5
482,40,5
483,error,5
484,root,5
485,mean,5
486,squared,5
487,box,5
488,forecast,5
489,uncertainty,5
490,measure,5
491,49,5
492,reflect,5
493,prevailed,5
494,summarized,5
495,james,4
496,general,4
497,b,4
498,edge,4
499,adviser,4
500,options,4
501,longrun,4
502,macroeconomic,4
503,hold,4
504,reinvested,4
505,cap,4
506,line,4
507,reduce,4
508,conclusion,4
509,rather,4
510,considerations,4
511,relatively,4
512,allow,4
513,benefits,4
514,setting,4
515,released,4
516,coming,4
517,quarters,4
518,beginning,4
519,aggregate,4
520,excess,4
521,indexes,4
522,forward,4
523,guidance,4
524,particularly,4
525,contacts,4
526,rebounded,4
527,notably,4
528,overnight,4
529,asset,4
530,much,4
531,vote,4
532,appeared,4
533,12month,4
534,personal,4
535,consumption,4
536,close,4
537,edged,4
538,force,4
539,participation,4
540,elevated,4
541,industrial,4
542,production,4
543,manufacturing,4
544,decreased,4
545,broad,4
546,flat,4
547,retail,4
548,used,4
549,pickup,4
550,construction,4
551,goods,4
552,excluding,4
553,survey,4
554,economies,4
555,assets,4
556,deal,4
557,contributed,4
558,improved,4
559,curve,4
560,derived,4
561,weaker,4
562,7,4
563,reports,4
564,policies,4
565,likelihood,4
566,recovered,4
567,negative,4
568,submitted,4
569,marketbased,4
570,included,4
571,softer,4
572,reported,4
573,inflationary,4
574,mentioned,4
575,2¼,4
576,2½,4
577,evolution,4
578,wide,4
579,11,4
580,value,4
581,calendar,4
582,submit,4
583,touch,4
584,4b,4
585,32,4
586,47,4
587,51,4
588,48,4
589,212,4
590,237,4
591,262,4
592,287,4
593,312,4
594,337,4
595,362,4
596,387,4
597,412,4
598,437,4
599,462,4
600,487,4
601,512,4
602,considerable,4
603,red,4
604,lines,4
605,shape,4
606,accommodation,4
607,zero,4
608,john,3
609,c,3
610,michelle,3
611,k,3
612,eric,3
613,j,3
614,thomas,3
615,mark,3
616,special,3
617,directors,3
618,project,3
619,small,3
620,lead,3
621,management,3
622,gradual,3
623,process,3
624,objectives,3
625,continuing,3
626,leave,3
627,longterm,3
628,reinvesting,3
629,maturity,3
630,existing,3
631,ample,3
632,advantages,3
633,fomcs,3
634,maturities,3
635,structures,3
636,alternative,3
637,saw,3
638,occur,3
639,money,3
640,occurred,3
641,represent,3
642,costs,3
643,control,3
644,proposed,3
645,principles,3
646,adopted,3
647,implement,3
648,evolve,3
649,subject,3
650,amount,3
651,timing,3
652,public,3
653,corresponding,3
654,attributed,3
655,moves,3
656,given,3
657,toward,3
658,stimulus,3
659,brexit,3
660,investor,3
661,daily,3
662,surveys,3
663,medium,3
664,transactions,3
665,markedly,3
666,fourthquarter,3
667,shutdown,3
668,expanded,3
669,workers,3
670,reasons,3
671,late,3
672,privatesector,3
673,faster,3
674,mining,3
675,orders,3
676,modest,3
677,looked,3
678,partially,3
679,supportive,3
680,upbeat,3
681,softening,3
682,equipment,3
683,nondefense,3
684,capital,3
685,sluggish,3
686,drilling,3
687,middle,3
688,partial,3
689,exports,3
690,development,3
691,emerging,3
692,emes,3
693,along,3
694,subdued,3
695,weak,3
696,improve,3
697,meanwhile,3
698,subsequent,3
699,firms,3
700,reverse,3
701,repurchase,3
702,statutory,3
703,upward,3
704,concerns,3
705,particular,3
706,nonfinancial,3
707,loan,3
708,deterioration,3
709,lending,3
710,prepared,3
711,incoming,3
712,trajectory,3
713,second,3
714,staffs,3
715,tight,3
716,bottom,3
717,expand,3
718,significant,3
719,possibility,3
720,converge,3
721,absence,3
722,importantly,3
723,concern,3
724,adverse,3
725,affected,3
726,response,3
727,wage,3
728,productivity,3
729,evidence,3
730,sources,3
731,implications,3
732,determining,3
733,unchanged,3
734,either,3
735,presented,3
736,course,3
737,use,3
738,action,3
739,whether,3
740,take,3
741,voted,3
742,directs,3
743,unanimously,3
744,almost,3
745,compared,3
746,50,3
747,points,3
748,42,3
749,highest,3
750,shows,3
751,probability,3
752,provides,3
753,charts,3
754,attending,3
755,panel,3
756,speaking,3
757,similar,3
758,likewise,3
759,balanced,3
760,approximately,3
761,truncated,3
